-- MariaDB dump 10.19-11.3.2-MariaDB, for Linux (x86_64)
--
-- Host: localhost    Database: tc_dev_db
-- ------------------------------------------------------
-- Server version	11.3.2-MariaDB

/*!40101 SET @OLD_CHARACTER_SET_CLIENT=@@CHARACTER_SET_CLIENT */;
/*!40101 SET @OLD_CHARACTER_SET_RESULTS=@@CHARACTER_SET_RESULTS */;
/*!40101 SET @OLD_COLLATION_CONNECTION=@@COLLATION_CONNECTION */;
/*!40101 SET NAMES utf8mb4 */;
/*!40103 SET @OLD_TIME_ZONE=@@TIME_ZONE */;
/*!40103 SET TIME_ZONE='+00:00' */;
/*!40014 SET @OLD_UNIQUE_CHECKS=@@UNIQUE_CHECKS, UNIQUE_CHECKS=0 */;
/*!40014 SET @OLD_FOREIGN_KEY_CHECKS=@@FOREIGN_KEY_CHECKS, FOREIGN_KEY_CHECKS=0 */;
/*!40101 SET @OLD_SQL_MODE=@@SQL_MODE, SQL_MODE='NO_AUTO_VALUE_ON_ZERO' */;
/*!40111 SET @OLD_SQL_NOTES=@@SQL_NOTES, SQL_NOTES=0 */;

--
-- Table structure for table `daily_log`
--

DROP TABLE IF EXISTS `daily_log`;
/*!40101 SET @saved_cs_client     = @@character_set_client */;
/*!40101 SET character_set_client = utf8 */;
CREATE TABLE `daily_log` (
  `id` varchar(60) NOT NULL,
  `created_at` datetime NOT NULL,
  `updated_at` datetime NOT NULL,
  `month` varchar(60) NOT NULL,
  `day` int(11) NOT NULL,
  `year` int(11) NOT NULL,
  `task_id` varchar(128) NOT NULL,
  `time_on_task` float NOT NULL,
  `time_wasted` float NOT NULL,
  `day_of_week` varchar(55) NOT NULL,
  `date` varchar(255) NOT NULL,
  PRIMARY KEY (`id`),
  KEY `task_id` (`task_id`),
  CONSTRAINT `daily_log_ibfk_1` FOREIGN KEY (`task_id`) REFERENCES `tasks` (`id`) ON DELETE CASCADE
) ENGINE=InnoDB DEFAULT CHARSET=utf8mb4 COLLATE=utf8mb4_unicode_ci;
/*!40101 SET character_set_client = @saved_cs_client */;

--
-- Dumping data for table `daily_log`
--

LOCK TABLES `daily_log` WRITE;
/*!40000 ALTER TABLE `daily_log` DISABLE KEYS */;
INSERT INTO `daily_log` VALUES
('00558a62-358c-4259-bf51-dacde836b77f','2024-06-22 18:11:58','2024-06-22 18:11:58','June',22,2024,'521c1037-04c1-4120-8a73-713b742319c9',6.67,2,'Saturday','June.22.2024'),
('009b11ff-3af7-4288-b0df-d38ab03b21e4','2024-09-28 22:26:18','2024-09-28 22:26:18','September',28,2024,'fa53120e-94ae-4c0e-922b-829c978c5e3c',3.33,0.66,'Saturday','September.28.2024'),
('02e71ba2-f6ff-4fbf-88cd-cf3c6ed0f70f','2024-04-24 23:12:17','2024-04-24 23:12:17','April',24,2024,'521c1037-04c1-4120-8a73-713b742319c9',3.5,2,'2','April.24.2024'),
('03c0bbcc-218c-4d22-9e42-2eed5954cf2e','2024-09-19 16:25:24','2024-09-19 16:25:24','September',19,2024,'fa53120e-94ae-4c0e-922b-829c978c5e3c',1.33,0.5,'Thursday','September.19.2024'),
('04e7e917-faae-49e9-ac0a-95ed262fbd6c','2024-05-05 01:28:12','2024-05-05 01:28:12','May',5,2024,'521c1037-04c1-4120-8a73-713b742319c9',6,4,'Sunday','May.5.2024'),
('05d018f1-d5d6-4947-8efb-167b2fdce08c','2024-05-15 17:56:46','2024-05-15 17:56:46','May',15,2024,'521c1037-04c1-4120-8a73-713b742319c9',2,3,'Wednesday','May.15.2024'),
('07d8b502-5e9c-45d5-85e6-fb5a85cdebd1','2024-08-28 17:41:19','2024-08-28 17:41:19','August',28,2024,'fa53120e-94ae-4c0e-922b-829c978c5e3c',3.66,1,'Wednesday','August.28.2024'),
('07f7c881-6b6a-427f-8773-c637ba826358','2024-06-29 06:55:22','2024-06-29 06:55:22','June',29,2024,'521c1037-04c1-4120-8a73-713b742319c9',8,1.75,'Saturday','June.29.2024'),
('0a85a100-8422-4215-b050-95148ee9c5c0','2024-10-01 10:56:32','2024-10-01 10:56:32','October',1,2024,'fa53120e-94ae-4c0e-922b-829c978c5e3c',9.33,3,'Tuesday','October.1.2024'),
('0f33bbb6-6bc7-44ca-a180-1adb6b518320','2024-06-13 20:55:58','2024-06-13 20:55:58','June',13,2024,'521c1037-04c1-4120-8a73-713b742319c9',4.9,3.5,'Thursday','June.13.2024'),
('1782906a-c8bb-4c88-90cd-0c8c73e6d302','2024-10-28 11:43:11','2024-10-28 11:43:11','October',28,2024,'fa53120e-94ae-4c0e-922b-829c978c5e3c',2,1,'Monday','October.28.2024'),
('19d53cf0-cf08-4cdf-b695-62b4c10c9ac0','2024-05-11 15:10:16','2024-05-11 15:10:16','May',11,2024,'521c1037-04c1-4120-8a73-713b742319c9',1.5,2,'Saturday','May.11.2024'),
('19e70a42-c1bd-481e-94f7-69bdaadf2875','2024-08-17 08:57:48','2024-08-17 08:57:48','August',17,2024,'fa53120e-94ae-4c0e-922b-829c978c5e3c',6,2,'Saturday','August.17.2024'),
('1a38be28-5930-470f-958c-c7dca823fdb9','2024-08-14 01:52:04','2024-08-14 01:52:04','August',14,2024,'fa53120e-94ae-4c0e-922b-829c978c5e3c',4.5,1.75,'Wednesday','August.14.2024'),
('1cf31df2-dc77-4839-b7f3-fef5936cbb9e','2024-09-24 23:08:11','2024-09-24 23:08:11','September',24,2024,'fa53120e-94ae-4c0e-922b-829c978c5e3c',3.5,1.42,'Tuesday','September.24.2024'),
('1e94131b-64c7-43f0-b8f3-096024efec0e','2024-05-29 20:47:27','2024-05-29 20:47:27','May',29,2024,'521c1037-04c1-4120-8a73-713b742319c9',4.25,1.34,'Wednesday','May.29.2024'),
('1f61e3ec-12f2-4624-b2f7-20fc166def95','2024-06-05 23:11:25','2024-06-05 23:11:25','June',5,2024,'521c1037-04c1-4120-8a73-713b742319c9',3.5,1.34,'Wednesday','June.5.2024'),
('217ee57c-24f1-45f4-9dc1-b8d367a837dd','2024-05-11 15:10:35','2024-05-11 15:10:35','May',11,2024,'521c1037-04c1-4120-8a73-713b742319c9',2,0,'Saturday','May.11.2024'),
('2499bde3-3890-4843-998f-dba231d25916','2024-10-21 21:40:43','2024-10-21 21:40:43','October',21,2024,'fa53120e-94ae-4c0e-922b-829c978c5e3c',8.33,3.33,'Monday','October.21.2024'),
('29f9a077-f054-44ee-83ca-e0c6bc61599d','2024-06-11 18:04:31','2024-06-11 18:04:31','June',11,2024,'521c1037-04c1-4120-8a73-713b742319c9',5.9,1.2,'Tuesday','June.11.2024'),
('317faa7e-6ce3-4141-8078-6e615a036323','2024-05-08 02:49:21','2024-05-08 02:49:21','May',8,2024,'521c1037-04c1-4120-8a73-713b742319c9',5.67,2.5,'Wednesday','May.8.2024'),
('31a0b280-3afe-45b8-9189-94361938252a','2024-06-07 22:02:17','2024-06-07 22:02:17','June',7,2024,'521c1037-04c1-4120-8a73-713b742319c9',4,2.34,'Friday','June.7.2024'),
('32de155e-6339-4c44-988b-3d3210332f90','2024-10-02 14:33:06','2024-10-02 14:33:06','October',2,2024,'fa53120e-94ae-4c0e-922b-829c978c5e3c',19.5,3,'Wednesday','October.2.2024'),
('3575f1a4-f605-4d6a-a32b-bf8213bcf927','2024-06-25 13:29:58','2024-06-25 13:29:58','June',25,2024,'521c1037-04c1-4120-8a73-713b742319c9',3.75,0.25,'1','June.25.2024'),
('37458a18-4773-485e-8909-9c3b5e514340','2024-05-09 02:45:22','2024-05-09 02:45:22','May',9,2024,'521c1037-04c1-4120-8a73-713b742319c9',7,3.67,'Thursday','May.9.2024'),
('387f9d7b-4739-471b-8d25-4499e04a73b3','2024-05-26 23:34:58','2024-05-26 23:34:58','May',26,2024,'521c1037-04c1-4120-8a73-713b742319c9',0,1,'Sunday','May.26.2024'),
('388461ab-f8f1-468a-a2bb-ada0870edbe0','2024-09-28 05:13:24','2024-09-28 05:13:24','September',28,2024,'fa53120e-94ae-4c0e-922b-829c978c5e3c',6,3.66,'Saturday','September.28.2024'),
('3a45aca3-d326-4982-a6e9-e447a217d6d7','2024-06-10 21:19:03','2024-06-10 21:19:03','June',10,2024,'521c1037-04c1-4120-8a73-713b742319c9',6.67,3,'Monday','June.10.2024'),
('3a78b849-58af-490d-be7d-c8fb5400638b','2024-05-19 16:48:10','2024-05-19 16:48:10','May',19,2024,'521c1037-04c1-4120-8a73-713b742319c9',2,1,'Sunday','May.19.2024'),
('3c62f3fd-07be-4c17-b280-58e362dbaa6d','2024-06-21 20:10:26','2024-06-21 20:10:26','June',21,2024,'521c1037-04c1-4120-8a73-713b742319c9',7.33,2.33,'4','June.21.2024'),
('3d8500aa-91bd-49a4-b322-1440d355b56a','2024-05-28 03:11:13','2024-05-28 03:11:13','May',28,2024,'521c1037-04c1-4120-8a73-713b742319c9',6.75,3.5,'Tuesday','May.28.2024'),
('3e438f98-4187-46a7-9d33-597ca78083e8','2024-06-17 21:13:23','2024-06-17 21:13:23','June',17,2024,'521c1037-04c1-4120-8a73-713b742319c9',6.25,2.9,'Monday','June.17.2024'),
('3ed6ecc0-dd0e-4a57-b369-50fc594785a9','2024-04-28 20:16:02','2024-04-28 20:16:02','April',28,2024,'521c1037-04c1-4120-8a73-713b742319c9',5,2,'6','April.28.2024'),
('401f8ede-c25a-40b7-8b76-417cd9779052','2024-08-23 19:01:11','2024-08-23 19:01:11','August',23,2024,'fa53120e-94ae-4c0e-922b-829c978c5e3c',4.9,0.5,'Friday','August.23.2024'),
('42a57eeb-04fc-4897-8519-e016bf4034dc','2024-10-19 22:10:13','2024-10-19 22:10:13','October',19,2024,'fa53120e-94ae-4c0e-922b-829c978c5e3c',2,3,'Saturday','October.19.2024'),
('44f3e9ad-0adf-4e66-8c5f-1898b946d66d','2024-08-10 19:29:48','2024-08-10 19:29:48','August',10,2024,'fa53120e-94ae-4c0e-922b-829c978c5e3c',4.66,2.15,'Saturday','August.10.2024'),
('4993163f-2792-4fc5-b57f-c9c5642dcfda','2024-08-26 16:09:53','2024-08-26 16:09:53','August',26,2024,'fa53120e-94ae-4c0e-922b-829c978c5e3c',2,1,'Monday','August.26.2024'),
('4d0fcf83-247a-4b70-9883-acef49dfbcd4','2024-04-25 21:55:30','2024-04-25 21:55:30','April',25,2024,'521c1037-04c1-4120-8a73-713b742319c9',0.5,7.5,'3','April.25.2024'),
('4e331046-68e6-46b7-999f-4d332668a782','2024-05-23 02:46:19','2024-05-23 02:46:19','May',23,2024,'521c1037-04c1-4120-8a73-713b742319c9',3.75,2.34,'Thursday','May.23.2024'),
('518108fe-a249-4fd9-bfa1-022079990873','2024-08-15 23:11:39','2024-08-15 23:11:39','August',15,2024,'fa53120e-94ae-4c0e-922b-829c978c5e3c',2.66,1,'Thursday','August.15.2024'),
('547be73d-1e08-4734-b3bb-2aa11865c7b6','2024-09-27 05:51:24','2024-09-27 05:51:24','September',27,2024,'fa53120e-94ae-4c0e-922b-829c978c5e3c',6,2.5,'Friday','September.27.2024'),
('5dd58f9c-6450-48ae-b3b5-4fc60d8f54d1','2024-09-05 14:11:10','2024-09-05 14:11:10','September',5,2024,'fa53120e-94ae-4c0e-922b-829c978c5e3c',2,0.75,'Thursday','September.5.2024'),
('5e01b30f-4748-4aae-a958-8dce09457043','2024-07-01 08:57:53','2024-07-01 08:57:53','July',1,2024,'521c1037-04c1-4120-8a73-713b742319c9',3,0,'Monday','July.1.2024'),
('6210c397-edd0-4727-91ea-147f0b685c06','2024-08-08 18:34:21','2024-08-08 18:34:21','August',8,2024,'cf3c64c6-508c-4705-a2ce-5ab5230677f4',9.8,4,'Thursday','August.8.2024'),
('65d5fe5e-7f35-4ae6-a802-eb84780f5be4','2024-05-21 01:14:46','2024-05-21 01:14:46','May',21,2024,'521c1037-04c1-4120-8a73-713b742319c9',4,3,'Tuesday','May.21.2024'),
('65f18419-8034-4d1a-806e-5f76b74c9e4e','2024-05-28 21:10:30','2024-05-28 21:10:30','May',28,2024,'521c1037-04c1-4120-8a73-713b742319c9',2.5,1.34,'Tuesday','May.28.2024'),
('664baa27-2343-470a-89a6-2d140ba1121e','2024-06-25 20:31:14','2024-06-25 20:31:14','June',25,2024,'521c1037-04c1-4120-8a73-713b742319c9',2.9,1,'Tuesday','June.25.2024'),
('673b8686-c9f7-4a40-8ede-124be87f2376','2024-07-27 04:56:07','2024-07-27 04:56:07','July',27,2024,'521c1037-04c1-4120-8a73-713b742319c9',0,0,'Saturday','July.27.2024'),
('67ffdab1-f051-48e1-a5d9-5b5c2a24afd2','2024-04-26 23:37:31','2024-04-26 23:37:31','April',26,2024,'521c1037-04c1-4120-8a73-713b742319c9',2.3,0.2,'4','April.26.2024'),
('6a71a43f-24cf-4193-afc1-3744ad5eed73','2024-07-03 23:46:40','2024-07-03 23:46:40','July',3,2024,'521c1037-04c1-4120-8a73-713b742319c9',2.5,0.25,'Wednesday','July.3.2024'),
('6dfce77c-fb05-42e6-988b-37a22f98033e','2024-09-26 06:38:53','2024-09-26 06:38:53','September',26,2024,'fa53120e-94ae-4c0e-922b-829c978c5e3c',6.42,2.66,'Thursday','September.26.2024'),
('6f5679e5-1faf-472d-9dc3-ad71ef720c7b','2024-06-01 21:44:08','2024-06-01 21:44:08','June',1,2024,'521c1037-04c1-4120-8a73-713b742319c9',5,2.34,'Saturday','June.1.2024'),
('6fdb2b46-102d-453c-98fb-ea27450015d9','2024-05-01 23:51:49','2024-05-01 23:51:49','May',1,2024,'521c1037-04c1-4120-8a73-713b742319c9',5.3,2.75,'Wednesday','May.1.2024'),
('76baf414-e6c2-4381-8ac5-1fe0a607ae3d','2024-04-23 18:41:00','2024-04-23 18:41:00','April',23,2024,'521c1037-04c1-4120-8a73-713b742319c9',6.67,4.5,'1','April.23.2024'),
('784d11b6-db1a-41bc-b9d7-7ed78736373e','2024-10-26 12:35:41','2024-10-26 12:35:41','October',26,2024,'fa53120e-94ae-4c0e-922b-829c978c5e3c',1,0,'Saturday','October.26.2024'),
('7b5013a5-2043-4ca1-8541-46dfd02da04b','2024-05-26 23:34:45','2024-05-26 23:34:45','May',26,2024,'521c1037-04c1-4120-8a73-713b742319c9',0.75,1,'Sunday','May.26.2024'),
('7ee257c5-2038-4d48-80a7-22c59d7e1fc1','2024-06-18 21:54:46','2024-06-18 21:54:46','June',18,2024,'521c1037-04c1-4120-8a73-713b742319c9',5.33,2.75,'Tuesday','June.18.2024'),
('835b43ba-5104-48a7-af01-b99d1376a6d0','2024-08-20 18:57:42','2024-08-20 18:57:42','August',20,2024,'e968804d-fd17-48fd-90a9-be82a84cfbd1',0.75,0,'Tuesday','August.20.2024'),
('84e33838-cee0-4595-98b5-604def2e9cb9','2024-05-24 02:23:12','2024-05-24 02:23:12','May',24,2024,'521c1037-04c1-4120-8a73-713b742319c9',6,3,'Friday','May.24.2024'),
('86039fac-2427-4a84-bae4-c3ff9612830f','2024-09-28 09:58:21','2024-09-28 09:58:21','September',28,2024,'fa53120e-94ae-4c0e-922b-829c978c5e3c',1,0.5,'Saturday','September.28.2024'),
('860bda7d-8e5f-4e4b-9715-1e4970d161f6','2024-06-03 21:27:48','2024-06-03 21:27:48','June',3,2024,'521c1037-04c1-4120-8a73-713b742319c9',5,4,'Monday','June.3.2024'),
('8adc06ff-c5a4-4d69-8703-5c77f057787e','2024-06-20 21:36:32','2024-06-20 21:36:32','June',20,2024,'521c1037-04c1-4120-8a73-713b742319c9',8.5,3,'Thursday','June.20.2024'),
('8d5f964f-6dbe-4e5f-98f7-b84e41eed2fd','2024-05-02 23:24:34','2024-05-02 23:24:34','May',2,2024,'521c1037-04c1-4120-8a73-713b742319c9',5.75,2,'3','May.2.2024'),
('8f125579-dead-4f04-923a-8db20ba77d90','2024-08-31 00:43:04','2024-08-31 00:43:04','August',31,2024,'e968804d-fd17-48fd-90a9-be82a84cfbd1',4.33,3.33,'Saturday','August.31.2024'),
('8f66bf2b-8f33-492a-9d69-e3877de8a9e2','2024-06-19 21:50:29','2024-06-19 21:50:29','June',19,2024,'521c1037-04c1-4120-8a73-713b742319c9',6.25,2.5,'Wednesday','June.19.2024'),
('8fd04bed-f8f3-482b-acb6-c9a0e8f10909','2024-06-23 21:51:53','2024-06-23 21:51:53','June',23,2024,'521c1037-04c1-4120-8a73-713b742319c9',6,1,'6','June.23.2024'),
('90849415-1562-4d32-9a96-7d83ae22c4a4','2024-08-20 18:31:21','2024-08-20 18:31:21','August',20,2024,'fa53120e-94ae-4c0e-922b-829c978c5e3c',4,1,'Tuesday','August.20.2024'),
('90b49651-76ca-4de6-9b74-88dccc43b0aa','2024-08-19 21:47:30','2024-08-19 21:47:30','August',19,2024,'fa53120e-94ae-4c0e-922b-829c978c5e3c',6,1.5,'Monday','August.19.2024'),
('97b0b3e3-eba1-4f75-8560-aff0d98a8223','2024-05-31 21:34:28','2024-05-31 21:34:28','May',31,2024,'521c1037-04c1-4120-8a73-713b742319c9',6,3.5,'Friday','May.31.2024'),
('994f81b7-4b59-4fc2-a2d4-9eb9fa50e8d2','2024-05-17 01:26:30','2024-05-17 01:26:30','May',17,2024,'521c1037-04c1-4120-8a73-713b742319c9',9.3,2,'Friday','May.17.2024'),
('9a3580e3-5a5e-476d-9bbb-e231c3d8668e','2024-05-18 04:10:08','2024-05-18 04:10:08','May',18,2024,'521c1037-04c1-4120-8a73-713b742319c9',3.75,2.5,'Saturday','May.18.2024'),
('9cb8e12e-7100-4405-98fe-05c9de013833','2024-06-24 19:20:40','2024-06-24 19:20:40','June',24,2024,'521c1037-04c1-4120-8a73-713b742319c9',7,1.5,'Monday','June.24.2024'),
('9d89c612-7b4e-4c9b-a517-d1c5682bdcf3','2024-05-30 17:23:40','2024-05-30 17:23:40','May',30,2024,'521c1037-04c1-4120-8a73-713b742319c9',7,2.5,'Thursday','May.30.2024'),
('9f0d0467-822a-4d33-a3d4-107a3ebefad3','2024-10-20 20:36:39','2024-10-20 20:36:39','October',20,2024,'fa53120e-94ae-4c0e-922b-829c978c5e3c',2,1.5,'Sunday','October.20.2024'),
('a24e1a9a-9c89-4a71-87a7-d613e1ce5cb4','2024-08-29 17:49:56','2024-08-29 17:49:56','August',29,2024,'fa53120e-94ae-4c0e-922b-829c978c5e3c',4,1.75,'Thursday','August.29.2024'),
('a7f48b75-4969-438b-a5fc-f4a24ce7a401','2024-10-26 12:35:34','2024-10-26 12:35:34','October',26,2024,'fa53120e-94ae-4c0e-922b-829c978c5e3c',1,0.5,'Saturday','October.26.2024'),
('ac2ed51c-7d45-4be8-81f7-207720c932c6','2024-08-03 18:16:25','2024-08-03 18:16:25','August',3,2024,'e968804d-fd17-48fd-90a9-be82a84cfbd1',4.75,1.25,'Saturday','August.3.2024'),
('b0399598-ad25-4a7e-a626-2a507fea83ea','2024-05-12 08:45:37','2024-05-12 08:45:37','May',12,2024,'521c1037-04c1-4120-8a73-713b742319c9',1.5,1.5,'Sunday','May.12.2024'),
('b0cfe36e-4dce-4e2e-8c93-9ee9871aefd8','2024-06-30 23:47:01','2024-06-30 23:47:01','June',30,2024,'521c1037-04c1-4120-8a73-713b742319c9',9,2,'Sunday','June.30.2024'),
('b0edbb4a-91bb-4637-91c5-221d96323fe9','2024-05-16 02:37:02','2024-05-16 02:37:02','May',16,2024,'521c1037-04c1-4120-8a73-713b742319c9',3,1,'Thursday','May.16.2024'),
('b2c4ec14-f3e2-456f-ba8b-c5f172e19e8c','2024-04-22 18:17:01','2024-04-22 18:17:01','April',22,2024,'521c1037-04c1-4120-8a73-713b742319c9',4.8,7.2,'Monday','April.22.2024'),
('b3d3ee50-ed25-4d8f-b282-f4f9c0542b69','2024-07-01 22:25:38','2024-07-01 22:25:38','July',1,2024,'521c1037-04c1-4120-8a73-713b742319c9',6,1.25,'Monday','July.1.2024'),
('b6a81d03-83fd-4320-9c7f-0c4e32859228','2024-10-19 02:00:34','2024-10-19 02:00:34','October',19,2024,'fa53120e-94ae-4c0e-922b-829c978c5e3c',7.33,2.9,'Saturday','October.19.2024'),
('b7a816d2-0b40-4925-8980-f7fcaf6a981b','2024-04-28 02:25:08','2024-04-28 02:25:08','April',28,2024,'521c1037-04c1-4120-8a73-713b742319c9',2,0.5,'6','April.28.2024'),
('b83b8745-23f1-4927-a340-0f3ba4677a3f','2024-06-12 21:15:07','2024-06-12 21:15:07','June',12,2024,'521c1037-04c1-4120-8a73-713b742319c9',4,0.7,'Wednesday','June.12.2024'),
('b8afb25b-8a0d-4c4d-a6d0-fdeac1645b14','2024-10-22 23:48:09','2024-10-22 23:48:09','October',22,2024,'fa53120e-94ae-4c0e-922b-829c978c5e3c',5.5,2,'Tuesday','October.22.2024'),
('b8ec4fc1-0b92-4b2f-a4eb-f165eb3eaae5','2024-05-13 01:02:02','2024-05-13 01:02:02','May',13,2024,'521c1037-04c1-4120-8a73-713b742319c9',6.75,2,'Monday','May.13.2024'),
('bc879c45-edd3-4262-8b88-5695da1b6d4f','2024-08-15 02:35:22','2024-08-15 02:35:22','August',15,2024,'fa53120e-94ae-4c0e-922b-829c978c5e3c',5.5,2,'Thursday','August.15.2024'),
('bd122c39-0113-4a97-babd-d3c6a7b9bd31','2024-05-07 11:57:24','2024-05-07 11:57:24','May',7,2024,'521c1037-04c1-4120-8a73-713b742319c9',6,3,'Tuesday','May.7.2024'),
('bd95f528-b846-4573-8f9f-6e2747a29fdc','2024-05-26 01:53:14','2024-05-26 01:53:14','May',26,2024,'521c1037-04c1-4120-8a73-713b742319c9',4,2.5,'Sunday','May.26.2024'),
('bf3823c5-1167-4eea-8a50-debc57e90a0f','2024-08-27 19:24:42','2024-08-27 19:24:42','August',27,2024,'fa53120e-94ae-4c0e-922b-829c978c5e3c',5,1.35,'Tuesday','August.27.2024'),
('bfdc7c8b-ed92-4bab-8821-1ea7c54bef51','2024-09-04 17:19:32','2024-09-04 17:19:32','September',4,2024,'fa53120e-94ae-4c0e-922b-829c978c5e3c',3.66,1.5,'Wednesday','September.4.2024'),
('c5464af8-312d-4de7-8c5c-194420137cbb','2024-10-23 22:03:00','2024-10-23 22:03:00','October',23,2024,'fa53120e-94ae-4c0e-922b-829c978c5e3c',3.5,1,'Wednesday','October.23.2024'),
('c5ff4738-14ef-46d9-8a77-7d6876f87d9d','2024-09-02 21:26:08','2024-09-02 21:26:08','September',2,2024,'fa53120e-94ae-4c0e-922b-829c978c5e3c',1,5,'Monday','September.2.2024'),
('c7a3ef8b-cb6a-441d-a699-c4143a24f604','2024-08-18 22:35:11','2024-08-18 22:35:11','August',18,2024,'fa53120e-94ae-4c0e-922b-829c978c5e3c',7.66,3,'Sunday','August.18.2024'),
('cc6ddc0b-1edb-4080-b6ea-6e95226ac2f7','2024-07-11 21:26:55','2024-07-11 21:26:55','July',11,2024,'521c1037-04c1-4120-8a73-713b742319c9',3,1,'Thursday','July.11.2024'),
('cf5a14a3-3d53-44e0-bd97-f0e4602f7941','2024-07-27 05:08:09','2024-07-27 05:08:09','July',27,2024,'8534bb15-9fdf-433f-b444-ab84eac5b913',95,5,'5','July.27.2024'),
('d57338ca-1bc3-4325-8785-d5c204b4f79c','2024-07-02 23:04:01','2024-07-02 23:04:01','July',2,2024,'521c1037-04c1-4120-8a73-713b742319c9',5.5,2,'Tuesday','July.2.2024'),
('da49fce0-f1c4-40db-b328-92d4ab0c333a','2024-09-05 14:57:36','2024-09-05 14:57:36','September',5,2024,'e968804d-fd17-48fd-90a9-be82a84cfbd1',1,0.5,'Thursday','September.5.2024'),
('db300086-93a2-4e51-9e95-b871ad8838b3','2024-06-17 08:01:23','2024-06-17 08:01:23','June',17,2024,'521c1037-04c1-4120-8a73-713b742319c9',4,1.5,'Monday','June.16.24'),
('e3b9eb87-a24e-416d-93aa-5187f153b963','2024-08-09 17:59:40','2024-08-09 17:59:40','August',9,2024,'cf3c64c6-508c-4705-a2ce-5ab5230677f4',6,2,'Friday','August.9.2024'),
('e4238246-50bc-4629-ab7c-3d0f961a53b2','2024-06-30 07:38:18','2024-06-30 07:38:18','June',30,2024,'521c1037-04c1-4120-8a73-713b742319c9',10,2.5,'Sunday','June.30.2024'),
('eb800f45-33f4-4069-9940-74ba28701eef','2024-06-26 16:48:35','2024-06-26 16:48:35','June',26,2024,'521c1037-04c1-4120-8a73-713b742319c9',4.66,0.75,'2','June.26.2024'),
('ebb8d310-fd83-4dc4-8e79-7041456f0722','2024-08-27 19:24:03','2024-08-27 19:24:03','August',27,2024,'e968804d-fd17-48fd-90a9-be82a84cfbd1',1,0.15,'Tuesday','August.27.2024'),
('efc86283-3efa-4b2e-8248-26279c2bd1f1','2024-04-20 22:01:38','2024-04-20 22:01:38','April',20,2024,'521c1037-04c1-4120-8a73-713b742319c9',5.5,4,'Saturday','April.20.2024'),
('efcb0565-41b4-4035-aaa4-f34ded1ca306','2024-06-27 21:27:26','2024-06-27 21:27:26','June',27,2024,'521c1037-04c1-4120-8a73-713b742319c9',7.66,2,'Thursday','June.27.2024'),
('f0c36cc8-8fae-4ac5-92cd-91270a91bcda','2024-05-22 01:57:56','2024-05-22 01:57:56','May',22,2024,'521c1037-04c1-4120-8a73-713b742319c9',4.67,2.5,'Wednesday','May.22.2024'),
('f1d5558e-a9f4-40d5-a1bd-ac45e292fd36','2024-07-03 17:44:04','2024-07-03 17:44:04','July',3,2024,'521c1037-04c1-4120-8a73-713b742319c9',5.75,2.66,'2','July.3.2024'),
('f458c3b6-58e7-473b-8b6f-a46c4eb4c01c','2024-08-06 18:11:21','2024-08-06 18:11:21','August',6,2024,'e968804d-fd17-48fd-90a9-be82a84cfbd1',5,0.75,'Tuesday','August.6.2024'),
('f55449f0-2c9d-4b8c-b88b-a3e250ec4f44','2024-04-30 00:03:11','2024-04-30 00:03:11','April',30,2024,'521c1037-04c1-4120-8a73-713b742319c9',6,2.8,'1','April.30.2024'),
('f6329076-b580-485c-8034-ec0af0502d37','2024-09-18 00:10:32','2024-09-18 00:10:32','September',18,2024,'fa53120e-94ae-4c0e-922b-829c978c5e3c',4,2,'Wednesday','September.18.2024'),
('f6fcf7ef-0ad1-4c52-8c7e-18aca0112ef0','2024-09-30 20:22:18','2024-09-30 20:22:18','September',30,2024,'fa53120e-94ae-4c0e-922b-829c978c5e3c',6,2.5,'Monday','September.30.2024'),
('f88ddadb-865b-4a61-b838-81a57dadcb58','2024-10-26 23:45:45','2024-10-26 23:45:45','October',26,2024,'fa53120e-94ae-4c0e-922b-829c978c5e3c',3,0.33,'Saturday','October.26.2024'),
('f9017d7b-c395-4a35-b666-cfacfda50431','2024-05-15 02:24:40','2024-05-15 02:24:40','May',15,2024,'521c1037-04c1-4120-8a73-713b742319c9',5,2,'Wednesday','May.15.2024'),
('fd53fbfc-6cba-4ad8-a0a7-23a13a8a5952','2024-06-04 20:40:24','2024-06-04 20:40:24','June',4,2024,'521c1037-04c1-4120-8a73-713b742319c9',6.5,2.5,'Tuesday','June.4.2024');
/*!40000 ALTER TABLE `daily_log` ENABLE KEYS */;
UNLOCK TABLES;

--
-- Table structure for table `tasks`
--

DROP TABLE IF EXISTS `tasks`;
/*!40101 SET @saved_cs_client     = @@character_set_client */;
/*!40101 SET character_set_client = utf8 */;
CREATE TABLE `tasks` (
  `id` varchar(60) NOT NULL,
  `created_at` datetime NOT NULL,
  `updated_at` datetime NOT NULL,
  `task_name` varchar(128) NOT NULL,
  `total_time_on_task` float DEFAULT NULL,
  `daily_goal` float NOT NULL,
  `weekly_goal` float NOT NULL,
  `user_id` varchar(60) NOT NULL,
  PRIMARY KEY (`id`),
  KEY `user_id` (`user_id`),
  CONSTRAINT `tasks_ibfk_1` FOREIGN KEY (`user_id`) REFERENCES `users` (`id`) ON DELETE CASCADE
) ENGINE=InnoDB DEFAULT CHARSET=utf8mb4 COLLATE=utf8mb4_unicode_ci;
/*!40101 SET character_set_client = @saved_cs_client */;

--
-- Dumping data for table `tasks`
--

LOCK TABLES `tasks` WRITE;
/*!40000 ALTER TABLE `tasks` DISABLE KEYS */;
INSERT INTO `tasks` VALUES
('1c96b0f1-88db-471e-9ef6-8281ea1a39ee','2024-10-29 16:46:38','2024-10-29 16:46:38','Finish Timecraft',0,8,32,'76af3410-eeba-4379-abe4-ca768b5709af'),
('27302217-0474-40b6-a072-3572c08635cd','2024-10-29 16:46:59','2024-10-29 16:46:59','Build portfolio website',0,6,24,'76af3410-eeba-4379-abe4-ca768b5709af'),
('28bebe7d-2ce0-4d1e-9a26-ff0bb73b0b4f','2024-10-29 00:30:39','2024-10-29 00:30:39','Extracurricular learning ',0,6,36,'b857157a-e199-4098-9718-f6fb94d1ce45'),
('33e1ede4-c82b-4942-9d3c-83609b6b7a0f','2024-10-29 16:41:34','2024-10-29 16:41:34','Task with login',0,5,20,'76af3410-eeba-4379-abe4-ca768b5709af'),
('521c1037-04c1-4120-8a73-713b742319c9','2024-04-16 12:08:36','2024-04-16 12:08:36','Alx',349.98,6,36,'b857157a-e199-4098-9718-f6fb94d1ce45'),
('5aa9462d-1e8f-4738-b790-7f08dd18adca','2024-10-29 16:45:10','2024-10-29 16:45:10','Task with ID 2',0,2,8,'76af3410-eeba-4379-abe4-ca768b5709af'),
('7f62b09c-de00-460e-b492-18a32594c83e','2024-10-29 16:38:48','2024-10-29 16:38:48','Finish data fetching',0,5,20,'76af3410-eeba-4379-abe4-ca768b5709af'),
('82a8fa85-4b39-4512-9732-f14c5053b84c','2024-10-30 15:17:31','2024-10-30 15:17:31','Add tooltips',3,5,30,'b857157a-e199-4098-9718-f6fb94d1ce45'),
('8534bb15-9fdf-433f-b444-ab84eac5b913','2024-07-27 05:07:38','2024-07-27 05:07:38','007',95,100,700,'68f95384-1ad1-4029-989b-c08697c7c3ad'),
('a6978fe9-3ad3-4e45-871a-3ed60be048b8','2024-10-29 16:40:33','2024-10-29 16:40:33','Task with ID',0,5,20,'76af3410-eeba-4379-abe4-ca768b5709af'),
('cf3c64c6-508c-4705-a2ce-5ab5230677f4','2024-08-08 18:33:04','2024-08-08 18:33:04','leetcode',15.8,3,18,'b857157a-e199-4098-9718-f6fb94d1ce45'),
('d016e446-8ce9-4032-9e83-80f0e7a9a957','2024-10-30 15:58:26','2024-10-30 16:04:53','Finish tool tipping',4,5,25,'f64e5dfc-8803-4a8e-9603-4f2b347df607'),
('e968804d-fd17-48fd-90a9-be82a84cfbd1','2024-08-03 18:14:34','2024-08-03 18:14:34','job-search',16.83,3,18,'b857157a-e199-4098-9718-f6fb94d1ce45'),
('f35dad97-dac4-4424-a5a2-15b927099bdc','2024-10-29 16:44:13','2024-10-29 16:44:13','Task with login 2',0,5,20,'76af3410-eeba-4379-abe4-ca768b5709af'),
('fa53120e-94ae-4c0e-922b-829c978c5e3c','2024-08-10 19:29:06','2024-08-10 19:29:06','Projects',177.27,6,36,'b857157a-e199-4098-9718-f6fb94d1ce45');
/*!40000 ALTER TABLE `tasks` ENABLE KEYS */;
UNLOCK TABLES;

--
-- Table structure for table `users`
--

DROP TABLE IF EXISTS `users`;
/*!40101 SET @saved_cs_client     = @@character_set_client */;
/*!40101 SET character_set_client = utf8 */;
CREATE TABLE `users` (
  `username` varchar(128) NOT NULL,
  `weekly_work_hours_goal` float NOT NULL,
  `number_of_work_days` int(11) NOT NULL,
  `id` varchar(60) NOT NULL,
  `created_at` datetime NOT NULL,
  `updated_at` datetime NOT NULL,
  `total_wasted_time` float NOT NULL DEFAULT 0,
  `total_productive_time` float NOT NULL DEFAULT 0,
  `email` varchar(128) DEFAULT NULL,
  `password` varchar(255) DEFAULT NULL,
  PRIMARY KEY (`id`)
) ENGINE=InnoDB DEFAULT CHARSET=utf8mb4 COLLATE=utf8mb4_unicode_ci;
/*!40101 SET character_set_client = @saved_cs_client */;

--
-- Dumping data for table `users`
--

LOCK TABLES `users` WRITE;
/*!40000 ALTER TABLE `users` DISABLE KEYS */;
INSERT INTO `users` VALUES
('firstuser1',60,4,'443c634c-7d7c-454c-bf0b-42c2ef53434f','2024-10-28 20:27:39','2024-10-28 20:27:39',0,0,'testuser1@email.com',NULL),
('James Bond',100,7,'68f95384-1ad1-4029-989b-c08697c7c3ad','2024-07-27 05:05:39','2024-07-27 05:05:39',5,95,NULL,NULL),
('seconduser2',60,4,'76af3410-eeba-4379-abe4-ca768b5709af','2024-10-28 21:30:47','2024-10-28 21:30:47',0,0,'testuser2@email.com','$2b$12$2Jhh4O0Spbw/IJxa1LA8L.I5.sm6iEZesjHu8bnGo9C4N.CCP8WUG'),
('thirduser3',60,5,'b40adee5-dfbd-44d3-95b4-ebee70400e5b','2024-10-29 21:32:34','2024-10-29 21:32:34',0,0,NULL,NULL),
('Benoni Esckinder',60,6,'b857157a-e199-4098-9718-f6fb94d1ce45','2024-04-16 12:08:06','2024-04-16 12:08:06',235.8,559.88,NULL,NULL),
('testuser1@email.com',60,5,'f64e5dfc-8803-4a8e-9603-4f2b347df607','2024-10-30 14:41:48','2024-10-30 14:41:48',0,0,NULL,NULL);
/*!40000 ALTER TABLE `users` ENABLE KEYS */;
UNLOCK TABLES;
/*!40103 SET TIME_ZONE=@OLD_TIME_ZONE */;

/*!40101 SET SQL_MODE=@OLD_SQL_MODE */;
/*!40014 SET FOREIGN_KEY_CHECKS=@OLD_FOREIGN_KEY_CHECKS */;
/*!40014 SET UNIQUE_CHECKS=@OLD_UNIQUE_CHECKS */;
/*!40101 SET CHARACTER_SET_CLIENT=@OLD_CHARACTER_SET_CLIENT */;
/*!40101 SET CHARACTER_SET_RESULTS=@OLD_CHARACTER_SET_RESULTS */;
/*!40101 SET COLLATION_CONNECTION=@OLD_COLLATION_CONNECTION */;
/*!40111 SET SQL_NOTES=@OLD_SQL_NOTES */;

-- Dump completed on 2024-10-30 16:42:00
